{"cameraMode":{"drawMode":0,"name":"Shaded","section":"Shading Mode"},"sceneLighting":true,"audioPlay":false,"sceneViewState":{"showFog":false,"showMaterialUpdate":false,"showSkybox":false,"showFlares":false,"showImageEffects":false,"showParticleSystems":true},"in2DMode":false,"pivot":{"x":31.163528442382814,"y":-49.38029098510742,"z":-54.60611343383789},"rotation":{"x":-0.062436554580926898,"y":-0.9193562865257263,"z":0.3527034819126129,"w":-0.16274546086788178},"size":84.82561492919922,"orthographic":false}